{
  "name": "dr-zahari-website",
  "version": "0.1.0",
  "private": true,
  "scripts": {
    "dev": "next dev",
    "build": "next build",
    "start": "next start",
    "lint": "next lint"
  },
  "dependencies": {
    "@heroicons/react": "^2.0.18",
    "next": "^14.2.5",
    "react": "^18.3.1",
    "react-dom": "^18.3.1"
  },
  "devDependencies": {
    "@types/node": "^20.14.10",
    "@types/react": "^18.3.3",
    "@types/react-dom": "^18.3.0",
    "autoprefixer": "^10.4.19",
    "eslint": "^8.57.0",
    "eslint-config-next": "^14.2.5",
    "postcss": "^8.4.39",
    "tailwindcss": "^3.4.6",
    "typescript": "^5.5.3"
  }
}